start,end,ic,swmode,errmsg,index
2018-01-26T23:31:50.000000000,2018-01-26T02:36:53.652664000,1,2,_split_tint failed,3620
2018-01-26T23:31:50.000000000,2018-01-26T02:36:53.652664000,2,2,_split_tint failed,3623
2024-02-25T19:55:52.652095500,2024-02-26T16:30:55.459279500,3,2,_check_aspoc failed,3072
2024-03-16T18:25:05.000000000,2024-03-16T18:30:30.000000000,3,2,_check_aspoc failed,3104
2024-02-26T16:30:55.459279500,2024-02-27T09:20:55.000000000,3,2,_check_aspoc failed,3073
2024-02-27T09:24:50.000000000,2024-02-27T09:28:00.000000000,3,2,_check_aspoc failed,3074
2024-02-27T10:02:20.000000000,2024-02-27T10:05:25.000000000,3,2,_check_aspoc failed,3075
2024-03-16T18:41:30.000000000,2024-03-18T00:40:49.337527500,3,2,_check_aspoc failed,3105
2024-03-18T00:40:49.337527500,2024-03-18T21:40:42.477128500,3,2,_check_aspoc failed,3106
2024-02-28T00:54:50.000000000,2024-02-28T01:03:10.000000000,3,2,_check_aspoc failed,3076
2024-02-28T01:08:40.000000000,2024-02-28T01:18:25.000000000,3,2,_check_aspoc failed,3077
2024-02-28T01:31:30.000000000,2024-02-29T08:46:00.752067000,3,2,_check_aspoc failed,3078
2024-03-18T21:40:42.477128500,2024-03-19T14:06:40.000000000,3,2,_check_aspoc failed,3107
2024-03-19T14:10:50.000000000,2024-03-19T14:22:50.000000000,3,2,_check_aspoc failed,3108
2024-02-13T06:19:10.000000000,2024-02-13T06:30:30.000000000,3,2,_check_aspoc failed,3048
2024-02-13T06:35:10.000000000,2024-02-13T06:49:30.000000000,3,2,_check_aspoc failed,3049
2024-02-13T21:15:10.000000000,2024-02-13T21:40:20.000000000,3,2,_check_aspoc failed,3050
2024-02-13T22:02:35.000000000,2024-02-13T22:20:40.000000000,3,2,_check_aspoc failed,3051
2024-02-29T08:46:00.752067000,2024-03-01T05:10:56.514138000,3,2,_check_aspoc failed,3079
2024-03-01T05:10:56.514138000,2024-03-01T20:22:10.000000000,3,2,_check_aspoc failed,3080
2024-03-20T04:53:10.000000000,2024-03-20T05:12:05.000000000,3,2,_check_aspoc failed,3109
2024-03-20T05:14:05.000000000,2024-03-21T13:15:51.661325500,3,2,_check_aspoc failed,3110
2024-02-13T22:37:20.000000000,2024-02-14T01:26:50.000000000,3,2,_check_aspoc failed,3052
2024-02-14T01:34:10.000000000,2024-02-14T02:17:00.000000000,3,2,_check_aspoc failed,3053
2024-02-14T02:22:45.000000000,2024-02-14T02:30:55.000000000,3,2,_check_aspoc failed,3054
2018-01-26T23:31:50.000000000,2018-01-26T02:36:53.652664000,3,2,_split_tint failed,3349
2024-03-02T13:18:35.000000000,2024-03-02T13:22:30.000000000,3,2,_check_aspoc failed,3081
2024-02-14T02:37:55.000000000,2024-02-15T05:50:53.336575000,3,2,_check_aspoc failed,3055
2024-03-21T13:15:51.661325500,2024-03-22T08:45:56.576836500,3,2,_check_aspoc failed,3111
2024-03-22T08:45:56.576836500,2024-03-22T21:11:00.000000000,3,2,_check_aspoc failed,3112
2024-03-02T14:24:50.000000000,2024-03-03T21:25:51.736023000,3,2,_check_aspoc failed,3082
2024-03-03T21:25:51.736023000,2024-03-04T17:41:00.046903000,3,2,_check_aspoc failed,3083
2024-03-04T17:41:00.046903000,2024-03-04T19:04:55.000000000,3,2,_check_aspoc failed,3084
2024-02-15T05:50:53.336575000,2024-02-16T03:55:58.260152000,3,2,_check_aspoc failed,3056
2024-02-16T03:55:58.260152000,2024-02-16T16:28:20.000000000,3,2,_check_aspoc failed,3057
2024-02-16T17:31:20.000000000,2024-02-16T17:50:30.000000000,3,2,_check_aspoc failed,3058
2024-02-16T17:55:45.000000000,2024-02-16T18:10:10.000000000,3,2,_check_aspoc failed,3059
2024-03-23T00:45:00.000000000,2024-03-23T04:01:50.000000000,3,2,_check_aspoc failed,3113
2024-03-23T14:28:00.000000000,2024-03-23T14:32:10.000000000,3,2,_check_aspoc failed,3114
2024-03-04T22:42:30.000000000,2024-03-05T08:49:30.000000000,3,2,_check_aspoc failed,3085
2024-02-17T11:04:15.000000000,2024-02-17T11:20:35.000000000,3,2,_check_aspoc failed,3060
2024-02-17T11:40:00.000000000,2024-02-17T12:18:50.000000000,3,2,_check_aspoc failed,3061
2024-03-23T16:35:00.000000000,2024-03-25T01:50:46.228146000,3,2,_check_aspoc failed,3115
2024-03-25T01:50:46.228146000,2024-03-25T23:05:50.493350000,3,2,_check_aspoc failed,3116
2024-02-17T12:34:05.000000000,2024-02-18T18:35:51.425553500,3,2,_check_aspoc failed,3062
2024-03-06T02:44:55.000000000,2024-03-06T02:52:55.000000000,3,2,_check_aspoc failed,3086
2024-03-06T03:07:50.000000000,2024-03-06T03:42:40.000000000,3,2,_check_aspoc failed,3087
2024-03-06T03:49:55.000000000,2024-03-06T04:35:10.000000000,3,2,_check_aspoc failed,3088
2024-03-06T05:04:20.000000000,2024-03-06T12:19:50.456669000,3,2,_check_aspoc failed,3089
2024-02-18T18:35:51.425553500,2024-02-19T16:25:54.287854500,3,2,_check_aspoc failed,3063
2024-03-06T12:19:50.456669000,2024-03-07T10:11:03.101648000,3,2,_check_aspoc failed,3090
2024-02-19T16:25:54.287854500,2024-02-20T07:34:20.000000000,3,2,_check_aspoc failed,3064
2024-02-20T23:38:05.000000000,2024-02-20T23:46:45.000000000,3,2,_check_aspoc failed,3065
2024-03-07T10:11:03.101648000,2024-03-08T06:16:01.238487000,3,2,_check_aspoc failed,3091
2024-03-08T06:16:01.238487000,2024-03-08T23:14:40.000000000,3,2,_check_aspoc failed,3092
2024-03-08T23:18:50.000000000,2024-03-08T23:24:05.000000000,3,2,_check_aspoc failed,3093
2024-03-09T15:25:55.000000000,2024-03-09T16:02:15.000000000,3,2,_check_aspoc failed,3094
2024-02-21T00:27:20.000000000,2024-02-22T07:05:56.063543000,3,2,_check_aspoc failed,3066
2024-03-09T16:05:15.000000000,2024-03-10T22:55:57.015936000,3,2,_check_aspoc failed,3095
2025-04-11T02:22:10.000000000,2025-04-11T02:32:40.000000000,3,2,_check_aspoc failed,3648
2025-04-11T02:40:50.000000000,2025-04-11T02:44:40.000000000,3,2,_check_aspoc failed,3649
2025-04-11T03:00:05.000000000,2025-04-11T03:02:20.000000000,3,2,_check_aspoc failed,3650
2025-03-20T22:09:00.000000000,2025-03-22T03:55:33.372247500,3,2,_check_aspoc failed,3616
2025-04-11T03:06:50.000000000,2025-04-11T03:58:25.000000000,3,2,_check_aspoc failed,3651
2024-03-10T22:55:57.015936000,2024-03-11T19:16:03.491141000,3,2,_check_aspoc failed,3096
2024-02-22T07:05:56.063543000,2024-02-23T05:05:52.195794000,3,2,_check_aspoc failed,3067
2024-02-23T05:05:52.195794000,2024-02-23T17:46:35.000000000,3,2,_check_aspoc failed,3068
2024-02-23T17:52:45.000000000,2024-02-23T18:27:40.000000000,3,2,_check_aspoc failed,3069
2024-02-23T18:36:50.000000000,2024-02-23T18:54:10.000000000,3,2,_check_aspoc failed,3070
2025-04-26T10:20:56.344427000,2025-04-27T08:01:03.601098000,3,2,_check_aspoc failed,3680
2025-04-27T08:01:03.601098000,2025-04-27T21:04:20.000000000,3,2,_check_aspoc failed,3681
2025-04-11T04:02:00.000000000,2025-04-12T08:35:59.084436000,3,2,_check_aspoc failed,3652
2025-03-22T03:55:33.372247500,2025-03-23T07:20:36.684708500,3,2,_check_aspoc failed,3617
2025-03-23T07:20:36.684708500,2025-03-23T18:09:15.000000000,3,2,_check_aspoc failed,3618
2025-03-23T18:23:00.000000000,2025-03-23T18:30:20.000000000,3,2,_check_aspoc failed,3619
2024-03-11T19:16:03.491141000,2024-03-12T11:32:20.000000000,3,2,_check_aspoc failed,3097
2025-04-28T18:30:35.000000000,2025-04-28T18:34:05.000000000,3,2,_check_aspoc failed,3682
2025-04-28T18:36:00.000000000,2025-04-28T18:47:40.000000000,3,2,_check_aspoc failed,3683
2025-04-12T08:35:59.084436000,2025-04-13T06:45:55.787855000,3,2,_check_aspoc failed,3653
2024-02-24T12:13:00.000000000,2024-02-25T19:55:52.652095500,3,2,_check_aspoc failed,3071
2025-04-13T06:45:55.787855000,2025-04-13T19:49:50.000000000,3,2,_check_aspoc failed,3654
2025-04-13T19:54:10.000000000,2025-04-13T20:00:50.000000000,3,2,_check_aspoc failed,3655
2025-04-13T20:10:25.000000000,2025-04-13T20:14:10.000000000,3,2,_check_aspoc failed,3656
2025-04-28T18:53:40.000000000,2025-04-29T23:01:04.028104500,3,2,_check_aspoc failed,3684
2024-03-13T04:35:05.000000000,2024-03-13T04:39:40.000000000,3,2,_check_aspoc failed,3098
2025-04-29T23:01:04.028104500,2025-04-30T20:51:02.208492500,3,2,_check_aspoc failed,3685
2024-03-13T04:41:50.000000000,2024-03-14T11:45:59.343015000,3,2,_check_aspoc failed,3099
2025-04-14T13:43:50.000000000,2025-04-14T13:46:40.000000000,3,2,_check_aspoc failed,3657
2025-04-14T13:56:55.000000000,2025-04-14T14:08:40.000000000,3,2,_check_aspoc failed,3658
2025-03-24T09:24:35.000000000,2025-03-25T14:05:26.488608000,3,2,_check_aspoc failed,3620
2025-03-25T14:05:26.488608000,2025-03-26T23:05:25.395577000,3,2,_check_aspoc failed,3621
2025-04-14T14:59:55.000000000,2025-04-15T20:46:05.752172500,3,2,_check_aspoc failed,3659
2024-03-14T11:45:59.343015000,2024-03-15T08:50:44.595899000,3,2,_check_aspoc failed,3100
2024-03-15T08:50:44.595899000,2024-03-15T22:31:30.000000000,3,2,_check_aspoc failed,3101
2025-04-30T20:51:02.208492500,2025-05-01T10:16:05.000000000,3,2,_check_aspoc failed,3686
2024-03-15T22:45:00.000000000,2024-03-15T22:50:40.000000000,3,2,_check_aspoc failed,3102
2025-05-01T10:32:15.000000000,2025-05-01T10:42:45.000000000,3,2,_check_aspoc failed,3687
2024-03-15T22:53:30.000000000,2024-03-15T22:57:20.000000000,3,2,_check_aspoc failed,3103
2025-04-15T20:46:05.752172500,2025-04-16T22:01:04.526046500,3,2,_check_aspoc failed,3660
2025-03-26T23:05:25.395577000,2025-03-27T07:59:15.000000000,3,2,_check_aspoc failed,3622
2025-03-27T21:33:40.000000000,2025-03-27T21:36:30.000000000,3,2,_check_aspoc failed,3623
2025-03-27T21:39:00.000000000,2025-03-27T22:37:55.000000000,3,2,_check_aspoc failed,3624
2025-04-16T22:01:04.526046500,2025-04-17T05:45:00.000000000,3,2,_check_aspoc failed,3661
2025-04-17T05:54:10.000000000,2025-04-17T06:10:35.000000000,3,2,_check_aspoc failed,3662
2025-03-27T22:41:35.000000000,2025-03-29T06:30:56.980323500,3,2,_check_aspoc failed,3625
2025-04-18T01:36:20.000000000,2025-04-18T02:55:50.000000000,3,2,_check_aspoc failed,3663
2025-04-18T03:40:35.000000000,2025-04-18T03:56:25.000000000,3,2,_check_aspoc failed,3664
2025-04-18T04:31:55.000000000,2025-04-19T09:20:50.608264000,3,2,_check_aspoc failed,3665
2025-03-29T06:30:56.980323500,2025-03-30T03:01:03.686723500,3,2,_check_aspoc failed,3626
2025-03-30T03:01:03.686723500,2025-03-30T18:02:30.000000000,3,2,_check_aspoc failed,3627
2025-04-19T09:20:50.608264000,2025-04-20T09:05:56.697805000,3,2,_check_aspoc failed,3666
2025-04-20T09:05:56.697805000,2025-04-20T22:13:05.000000000,3,2,_check_aspoc failed,3667
2025-03-31T15:04:25.000000000,2025-03-31T15:06:25.000000000,3,2,_check_aspoc failed,3628
2025-03-31T15:14:05.000000000,2025-04-01T18:36:01.726424000,3,2,_check_aspoc failed,3629
2025-04-21T11:17:20.000000000,2025-04-21T11:19:20.000000000,3,2,_check_aspoc failed,3668
2025-04-21T11:23:50.000000000,2025-04-21T11:28:40.000000000,3,2,_check_aspoc failed,3669
2025-04-21T12:05:15.000000000,2025-04-21T12:08:45.000000000,3,2,_check_aspoc failed,3670
2025-04-21T12:28:15.000000000,2025-04-21T14:08:30.000000000,3,2,_check_aspoc failed,3671
2025-04-01T18:36:01.726424000,2025-04-02T15:11:03.987406000,3,2,_check_aspoc failed,3630
2025-04-21T15:12:00.000000000,2025-04-22T21:40:52.020978000,3,2,_check_aspoc failed,3672
2025-04-22T21:40:52.020978000,2025-04-23T17:11:04.064831000,3,2,_check_aspoc failed,3673
2025-04-02T15:11:03.987406000,2025-04-03T07:04:45.000000000,3,2,_check_aspoc failed,3631
2025-04-03T08:33:50.000000000,2025-04-03T08:37:40.000000000,3,2,_check_aspoc failed,3632
2025-04-03T21:16:50.000000000,2025-04-03T21:53:10.000000000,3,2,_check_aspoc failed,3633
2025-04-03T21:57:15.000000000,2025-04-03T22:24:35.000000000,3,2,_check_aspoc failed,3634
2025-04-03T22:28:40.000000000,2025-04-03T23:58:15.000000000,3,2,_check_aspoc failed,3635
2025-04-23T17:11:04.064831000,2025-04-24T05:13:25.000000000,3,2,_check_aspoc failed,3674
2025-04-24T05:16:00.000000000,2025-04-24T05:24:20.000000000,3,2,_check_aspoc failed,3675
2025-04-24T05:58:50.000000000,2025-04-24T08:07:10.000000000,3,2,_check_aspoc failed,3676
2025-04-24T08:10:10.000000000,2025-04-24T08:15:35.000000000,3,2,_check_aspoc failed,3677
2025-04-04T01:10:40.000000000,2025-04-05T07:15:53.969319000,3,2,_check_aspoc failed,3636
2025-04-25T07:12:00.000000000,2025-04-25T07:28:30.000000000,3,2,_check_aspoc failed,3678
2025-04-05T07:15:53.969319000,2025-04-06T08:31:05.010542000,3,2,_check_aspoc failed,3637
2025-04-25T07:33:05.000000000,2025-04-26T10:20:56.344427000,3,2,_check_aspoc failed,3679
2025-04-06T08:31:05.010542000,2025-04-06T17:33:25.000000000,3,2,_check_aspoc failed,3638
2025-04-06T18:06:10.000000000,2025-04-06T18:11:35.000000000,3,2,_check_aspoc failed,3639
2025-04-06T18:17:35.000000000,2025-04-06T18:20:35.000000000,3,2,_check_aspoc failed,3640
2025-04-06T18:49:00.000000000,2025-04-06T19:00:55.000000000,3,2,_check_aspoc failed,3641
2025-04-07T13:37:50.000000000,2025-04-07T13:48:05.000000000,3,2,_check_aspoc failed,3642
2025-04-07T13:52:35.000000000,2025-04-07T13:55:50.000000000,3,2,_check_aspoc failed,3643
2025-04-07T14:00:25.000000000,2025-04-08T19:56:07.893084500,3,2,_check_aspoc failed,3644
2025-04-08T19:56:07.893084500,2025-04-09T18:46:01.274286500,3,2,_check_aspoc failed,3645
2025-04-09T18:46:01.274286500,2025-04-10T06:14:10.000000000,3,2,_check_aspoc failed,3646
2025-04-10T06:31:00.000000000,2025-04-10T06:49:35.000000000,3,2,_check_aspoc failed,3647
2025-03-19T18:45:25.890525000,2025-03-20T04:08:20.000000000,3,2,_check_aspoc failed,3613
2025-03-20T04:27:30.000000000,2025-03-20T04:32:15.000000000,3,2,_check_aspoc failed,3614
2025-03-20T04:43:50.000000000,2025-03-20T04:52:20.000000000,3,2,_check_aspoc failed,3615
2023-04-22T00:27:25.000000000,2023-04-22T00:30:05.000000000,4,2,_check_vsc failed,2503
2023-04-22T00:58:40.000000000,2023-04-22T01:05:35.000000000,4,2,_check_vsc failed,2504
2023-04-22T01:37:20.000000000,2023-04-22T01:54:15.000000000,4,2,_check_vsc failed,2505
2023-04-22T02:14:10.000000000,2023-04-23T04:31:37.740045500,4,2,_check_vsc failed,2506
2023-04-23T04:31:37.740045500,2023-04-23T23:11:41.843208500,4,2,_check_vsc failed,2507
2019-03-14T03:32:56.736282500,2019-03-03T13:27:26.002297000,4,2,_check_vsc failed,3231
2018-01-26T23:31:50.000000000,2018-01-26T02:36:53.652664000,4,2,_split_tint failed,3348
